namespace,schema_sha256,topic_uuid,topic_name,topic_options,question_uuid,question_label,question_text,question_type,question_hint_type,question_next_questions,alpha_distance,question_options,answer_count,answer_uuid,answer_label,answer_content,answer_next_questions,highlight,require_highlight,answer_options
Covid2_Language_2020_09_20,38d017281682f4e1189219a84fea5b897a22a32e05226b87e638d02d150b509f,5cccf209-8590-405d-bb91-216e07f2b031,Language Specialist V4,"{""highlight"": true, ""version"": ""4"", ""hint_type"": """"}",f1551303-a49a-474e-9542-d9c8395360b2,T1.Q1,"Which of the following appears in the bolded text to the left? Check all that apply, or none, and highlight the part of the passage in which you see each.",CHECKBOX,,,nominal,"{""version"": ""4"", ""alpha_distance"": ""nominal"", ""require_one_or_more"": true, ""hint_type"": """"}",13,fa833009-e51e-4b12-bc6c-8129f1b965d6,T1.Q1.A1,Metaphorical Language,T1.Q2,1,1,"{""case_numbers"": false, ""highlight"": true, ""version"": ""4"", ""require_highlight"": true}"
Covid2_Language_2020_09_20,38d017281682f4e1189219a84fea5b897a22a32e05226b87e638d02d150b509f,5cccf209-8590-405d-bb91-216e07f2b031,Language Specialist V4,"{""highlight"": true, ""version"": ""4"", ""hint_type"": """"}",f1551303-a49a-474e-9542-d9c8395360b2,T1.Q1,"Which of the following appears in the bolded text to the left? Check all that apply, or none, and highlight the part of the passage in which you see each.",CHECKBOX,,,nominal,"{""version"": ""4"", ""alpha_distance"": ""nominal"", ""require_one_or_more"": true, ""hint_type"": """"}",13,9b3dddb9-d3cb-40c6-8bb4-c2c5c9554450,T1.Q1.A2,Exaggeration,T1.Q3,1,1,"{""case_numbers"": false, ""highlight"": true, ""version"": ""4"", ""require_highlight"": true}"
Covid2_Language_2020_09_20,38d017281682f4e1189219a84fea5b897a22a32e05226b87e638d02d150b509f,5cccf209-8590-405d-bb91-216e07f2b031,Language Specialist V4,"{""highlight"": true, ""version"": ""4"", ""hint_type"": """"}",f1551303-a49a-474e-9542-d9c8395360b2,T1.Q1,"Which of the following appears in the bolded text to the left? Check all that apply, or none, and highlight the part of the passage in which you see each.",CHECKBOX,,,nominal,"{""version"": ""4"", ""alpha_distance"": ""nominal"", ""require_one_or_more"": true, ""hint_type"": """"}",13,90929fbb-7fca-40c5-b7cf-d5ea5d29694e,T1.Q1.A3,Scandal,T1.Q4,1,1,"{""case_numbers"": false, ""highlight"": true, ""version"": ""4"", ""require_highlight"": true}"
Covid2_Language_2020_09_20,38d017281682f4e1189219a84fea5b897a22a32e05226b87e638d02d150b509f,5cccf209-8590-405d-bb91-216e07f2b031,Language Specialist V4,"{""highlight"": true, ""version"": ""4"", ""hint_type"": """"}",f1551303-a49a-474e-9542-d9c8395360b2,T1.Q1,"Which of the following appears in the bolded text to the left? Check all that apply, or none, and highlight the part of the passage in which you see each.",CHECKBOX,,,nominal,"{""version"": ""4"", ""alpha_distance"": ""nominal"", ""require_one_or_more"": true, ""hint_type"": """"}",13,6f52df5f-9bbe-4db1-9167-c397208dcc1c,T1.Q1.A4,Emotional tone (including expletives),"T1.Q5, T1.Q6",1,1,"{""case_numbers"": false, ""highlight"": true, ""version"": ""4"", ""require_highlight"": true}"
Covid2_Language_2020_09_20,38d017281682f4e1189219a84fea5b897a22a32e05226b87e638d02d150b509f,5cccf209-8590-405d-bb91-216e07f2b031,Language Specialist V4,"{""highlight"": true, ""version"": ""4"", ""hint_type"": """"}",f1551303-a49a-474e-9542-d9c8395360b2,T1.Q1,"Which of the following appears in the bolded text to the left? Check all that apply, or none, and highlight the part of the passage in which you see each.",CHECKBOX,,,nominal,"{""version"": ""4"", ""alpha_distance"": ""nominal"", ""require_one_or_more"": true, ""hint_type"": """"}",13,c9486440-cfec-4121-af79-143064b945f3,T1.Q1.A5,Shock or surprise,,1,1,"{""case_numbers"": false, ""highlight"": true, ""version"": ""4"", ""require_highlight"": true}"
Covid2_Language_2020_09_20,38d017281682f4e1189219a84fea5b897a22a32e05226b87e638d02d150b509f,5cccf209-8590-405d-bb91-216e07f2b031,Language Specialist V4,"{""highlight"": true, ""version"": ""4"", ""hint_type"": """"}",f1551303-a49a-474e-9542-d9c8395360b2,T1.Q1,"Which of the following appears in the bolded text to the left? Check all that apply, or none, and highlight the part of the passage in which you see each.",CHECKBOX,,,nominal,"{""version"": ""4"", ""alpha_distance"": ""nominal"", ""require_one_or_more"": true, ""hint_type"": """"}",13,31cc270c-ae0e-46bd-965d-574ed4b0b964,T1.Q1.A6,Slang,"T1.Q9, T1.Q10",1,1,"{""case_numbers"": false, ""highlight"": true, ""version"": ""4"", ""require_highlight"": true}"
Covid2_Language_2020_09_20,38d017281682f4e1189219a84fea5b897a22a32e05226b87e638d02d150b509f,5cccf209-8590-405d-bb91-216e07f2b031,Language Specialist V4,"{""highlight"": true, ""version"": ""4"", ""hint_type"": """"}",f1551303-a49a-474e-9542-d9c8395360b2,T1.Q1,"Which of the following appears in the bolded text to the left? Check all that apply, or none, and highlight the part of the passage in which you see each.",CHECKBOX,,,nominal,"{""version"": ""4"", ""alpha_distance"": ""nominal"", ""require_one_or_more"": true, ""hint_type"": """"}",13,1d113f3d-1a0e-4158-80ca-2565e97155c4,T1.Q1.A7,Typos,T1.Q11,1,1,"{""case_numbers"": false, ""highlight"": true, ""version"": ""4"", ""require_highlight"": true}"
Covid2_Language_2020_09_20,38d017281682f4e1189219a84fea5b897a22a32e05226b87e638d02d150b509f,5cccf209-8590-405d-bb91-216e07f2b031,Language Specialist V4,"{""highlight"": true, ""version"": ""4"", ""hint_type"": """"}",f1551303-a49a-474e-9542-d9c8395360b2,T1.Q1,"Which of the following appears in the bolded text to the left? Check all that apply, or none, and highlight the part of the passage in which you see each.",CHECKBOX,,,nominal,"{""version"": ""4"", ""alpha_distance"": ""nominal"", ""require_one_or_more"": true, ""hint_type"": """"}",13,18b6fcf3-397c-4495-80a0-4d411b3f6b47,T1.Q1.A8,Bad grammar,T1.Q11,1,1,"{""case_numbers"": false, ""highlight"": true, ""version"": ""4"", ""require_highlight"": true}"
Covid2_Language_2020_09_20,38d017281682f4e1189219a84fea5b897a22a32e05226b87e638d02d150b509f,5cccf209-8590-405d-bb91-216e07f2b031,Language Specialist V4,"{""highlight"": true, ""version"": ""4"", ""hint_type"": """"}",f1551303-a49a-474e-9542-d9c8395360b2,T1.Q1,"Which of the following appears in the bolded text to the left? Check all that apply, or none, and highlight the part of the passage in which you see each.",CHECKBOX,,,nominal,"{""version"": ""4"", ""alpha_distance"": ""nominal"", ""require_one_or_more"": true, ""hint_type"": """"}",13,0696f27f-c273-4482-8aee-c35cdbfc02b8,T1.Q1.A9,Misleading or confusing sentence structure,T1.Q11,1,1,"{""case_numbers"": false, ""highlight"": true, ""version"": ""4"", ""require_highlight"": true}"
Covid2_Language_2020_09_20,38d017281682f4e1189219a84fea5b897a22a32e05226b87e638d02d150b509f,5cccf209-8590-405d-bb91-216e07f2b031,Language Specialist V4,"{""highlight"": true, ""version"": ""4"", ""hint_type"": """"}",f1551303-a49a-474e-9542-d9c8395360b2,T1.Q1,"Which of the following appears in the bolded text to the left? Check all that apply, or none, and highlight the part of the passage in which you see each.",CHECKBOX,,,nominal,"{""version"": ""4"", ""alpha_distance"": ""nominal"", ""require_one_or_more"": true, ""hint_type"": """"}",13,03fe2007-6ff2-4a13-a280-6c57b59796cb,T1.Q1.A10,Other unnecessary or misleading coloring of language,T1.Q13,1,1,"{""case_numbers"": false, ""highlight"": true, ""version"": ""4"", ""require_highlight"": true}"
Covid2_Language_2020_09_20,38d017281682f4e1189219a84fea5b897a22a32e05226b87e638d02d150b509f,5cccf209-8590-405d-bb91-216e07f2b031,Language Specialist V4,"{""highlight"": true, ""version"": ""4"", ""hint_type"": """"}",f1551303-a49a-474e-9542-d9c8395360b2,T1.Q1,"Which of the following appears in the bolded text to the left? Check all that apply, or none, and highlight the part of the passage in which you see each.",CHECKBOX,,,nominal,"{""version"": ""4"", ""alpha_distance"": ""nominal"", ""require_one_or_more"": true, ""hint_type"": """"}",13,d13dbd17-b42a-47d5-bb59-36eb51113480,T1.Q1.A11,Colorful but not misleading in any way,,1,1,"{""case_numbers"": false, ""highlight"": true, ""version"": ""4"", ""require_highlight"": true}"
Covid2_Language_2020_09_20,38d017281682f4e1189219a84fea5b897a22a32e05226b87e638d02d150b509f,5cccf209-8590-405d-bb91-216e07f2b031,Language Specialist V4,"{""highlight"": true, ""version"": ""4"", ""hint_type"": """"}",f1551303-a49a-474e-9542-d9c8395360b2,T1.Q1,"Which of the following appears in the bolded text to the left? Check all that apply, or none, and highlight the part of the passage in which you see each.",CHECKBOX,,,nominal,"{""version"": ""4"", ""alpha_distance"": ""nominal"", ""require_one_or_more"": true, ""hint_type"": """"}",13,a3fd6443-278e-4d6c-8562-3d87bf4c7d6e,T1.Q1.A12,Other problem with language,,1,1,"{""case_numbers"": false, ""highlight"": true, ""version"": ""4"", ""require_highlight"": true}"
Covid2_Language_2020_09_20,38d017281682f4e1189219a84fea5b897a22a32e05226b87e638d02d150b509f,5cccf209-8590-405d-bb91-216e07f2b031,Language Specialist V4,"{""highlight"": true, ""version"": ""4"", ""hint_type"": """"}",f1551303-a49a-474e-9542-d9c8395360b2,T1.Q1,"Which of the following appears in the bolded text to the left? Check all that apply, or none, and highlight the part of the passage in which you see each.",CHECKBOX,,,nominal,"{""version"": ""4"", ""alpha_distance"": ""nominal"", ""require_one_or_more"": true, ""hint_type"": """"}",13,36d6e389-179c-4076-8169-e0fd051dc45a,T1.Q1.A13,Nothing wrong with language,,0,1,"{""case_numbers"": false, ""highlight"": false, ""version"": ""4"", ""require_highlight"": true}"
Covid2_Language_2020_09_20,38d017281682f4e1189219a84fea5b897a22a32e05226b87e638d02d150b509f,5cccf209-8590-405d-bb91-216e07f2b031,Language Specialist V4,"{""highlight"": true, ""version"": ""4"", ""hint_type"": """"}",0e928a82-bbe9-4e13-9604-c8bfdcc09927,T1.Q2,"The use of metaphorical language (e.g., metaphors of war, disease, infection, invasion, alien, decay, etc) is....",RADIO,,,ordinal,"{""version"": ""4"", ""alpha_distance"": ""ordinal"", ""require_one_or_more"": true, ""hint_type"": """"}",5,cdbcb6a2-89f1-4ac0-bec6-a95656ccd5f3,T1.Q2.A1,EXTREMELY excessive/inappropriate,,0,1,"{""case_numbers"": false, ""highlight"": false, ""version"": ""4"", ""require_highlight"": true}"
Covid2_Language_2020_09_20,38d017281682f4e1189219a84fea5b897a22a32e05226b87e638d02d150b509f,5cccf209-8590-405d-bb91-216e07f2b031,Language Specialist V4,"{""highlight"": true, ""version"": ""4"", ""hint_type"": """"}",0e928a82-bbe9-4e13-9604-c8bfdcc09927,T1.Q2,"The use of metaphorical language (e.g., metaphors of war, disease, infection, invasion, alien, decay, etc) is....",RADIO,,,ordinal,"{""version"": ""4"", ""alpha_distance"": ""ordinal"", ""require_one_or_more"": true, ""hint_type"": """"}",5,7332b9f9-487f-4ffa-ac77-735a64fd87ea,T1.Q2.A2,CONSIDERABLY excessive/inappropriate,,0,1,"{""case_numbers"": false, ""highlight"": false, ""version"": ""4"", ""require_highlight"": true}"
Covid2_Language_2020_09_20,38d017281682f4e1189219a84fea5b897a22a32e05226b87e638d02d150b509f,5cccf209-8590-405d-bb91-216e07f2b031,Language Specialist V4,"{""highlight"": true, ""version"": ""4"", ""hint_type"": """"}",0e928a82-bbe9-4e13-9604-c8bfdcc09927,T1.Q2,"The use of metaphorical language (e.g., metaphors of war, disease, infection, invasion, alien, decay, etc) is....",RADIO,,,ordinal,"{""version"": ""4"", ""alpha_distance"": ""ordinal"", ""require_one_or_more"": true, ""hint_type"": """"}",5,bb3526d5-26d6-4061-9b63-e5aa5fe03c1b,T1.Q2.A3,SOMEWHAT excessive/inappropriate,,0,1,"{""case_numbers"": false, ""highlight"": false, ""version"": ""4"", ""require_highlight"": true}"
Covid2_Language_2020_09_20,38d017281682f4e1189219a84fea5b897a22a32e05226b87e638d02d150b509f,5cccf209-8590-405d-bb91-216e07f2b031,Language Specialist V4,"{""highlight"": true, ""version"": ""4"", ""hint_type"": """"}",0e928a82-bbe9-4e13-9604-c8bfdcc09927,T1.Q2,"The use of metaphorical language (e.g., metaphors of war, disease, infection, invasion, alien, decay, etc) is....",RADIO,,,ordinal,"{""version"": ""4"", ""alpha_distance"": ""ordinal"", ""require_one_or_more"": true, ""hint_type"": """"}",5,4e6ff58a-a8f6-4f8d-8392-bcd48f170486,T1.Q2.A4,MILDLY excessive/inappropriate,,0,1,"{""case_numbers"": false, ""highlight"": false, ""version"": ""4"", ""require_highlight"": true}"
Covid2_Language_2020_09_20,38d017281682f4e1189219a84fea5b897a22a32e05226b87e638d02d150b509f,5cccf209-8590-405d-bb91-216e07f2b031,Language Specialist V4,"{""highlight"": true, ""version"": ""4"", ""hint_type"": """"}",0e928a82-bbe9-4e13-9604-c8bfdcc09927,T1.Q2,"The use of metaphorical language (e.g., metaphors of war, disease, infection, invasion, alien, decay, etc) is....",RADIO,,,ordinal,"{""version"": ""4"", ""alpha_distance"": ""ordinal"", ""require_one_or_more"": true, ""hint_type"": """"}",5,2e5ba39d-1fa5-468b-a7f8-bd98bb911dc9,T1.Q2.A5,NOT AT ALL excessive/inappropriate,,0,1,"{""case_numbers"": false, ""highlight"": false, ""version"": ""4"", ""require_highlight"": true}"
Covid2_Language_2020_09_20,38d017281682f4e1189219a84fea5b897a22a32e05226b87e638d02d150b509f,5cccf209-8590-405d-bb91-216e07f2b031,Language Specialist V4,"{""highlight"": true, ""version"": ""4"", ""hint_type"": """"}",15f25375-bdca-4300-9877-1cc4743fed90,T1.Q3,How much does the exaggeration misrepresent reality?,RADIO,,,ordinal,"{""version"": ""4"", ""alpha_distance"": ""ordinal"", ""require_one_or_more"": true, ""hint_type"": """"}",5,f1b2b05d-15d6-4b62-ade0-b3db80de840d,T1.Q3.A1,Enormous misrepresentation,,0,1,"{""case_numbers"": false, ""highlight"": false, ""version"": ""4"", ""require_highlight"": true}"
Covid2_Language_2020_09_20,38d017281682f4e1189219a84fea5b897a22a32e05226b87e638d02d150b509f,5cccf209-8590-405d-bb91-216e07f2b031,Language Specialist V4,"{""highlight"": true, ""version"": ""4"", ""hint_type"": """"}",15f25375-bdca-4300-9877-1cc4743fed90,T1.Q3,How much does the exaggeration misrepresent reality?,RADIO,,,ordinal,"{""version"": ""4"", ""alpha_distance"": ""ordinal"", ""require_one_or_more"": true, ""hint_type"": """"}",5,0c1f417a-f882-41c3-a21c-7a1bb96483d9,T1.Q3.A2,Considerable misrepresentation,,0,1,"{""case_numbers"": false, ""highlight"": false, ""version"": ""4"", ""require_highlight"": true}"
Covid2_Language_2020_09_20,38d017281682f4e1189219a84fea5b897a22a32e05226b87e638d02d150b509f,5cccf209-8590-405d-bb91-216e07f2b031,Language Specialist V4,"{""highlight"": true, ""version"": ""4"", ""hint_type"": """"}",15f25375-bdca-4300-9877-1cc4743fed90,T1.Q3,How much does the exaggeration misrepresent reality?,RADIO,,,ordinal,"{""version"": ""4"", ""alpha_distance"": ""ordinal"", ""require_one_or_more"": true, ""hint_type"": """"}",5,1f7224ba-4677-4f26-a5a4-63340708b2d0,T1.Q3.A3,Some misrepresentation,,0,1,"{""case_numbers"": false, ""highlight"": false, ""version"": ""4"", ""require_highlight"": true}"
Covid2_Language_2020_09_20,38d017281682f4e1189219a84fea5b897a22a32e05226b87e638d02d150b509f,5cccf209-8590-405d-bb91-216e07f2b031,Language Specialist V4,"{""highlight"": true, ""version"": ""4"", ""hint_type"": """"}",15f25375-bdca-4300-9877-1cc4743fed90,T1.Q3,How much does the exaggeration misrepresent reality?,RADIO,,,ordinal,"{""version"": ""4"", ""alpha_distance"": ""ordinal"", ""require_one_or_more"": true, ""hint_type"": """"}",5,486436e2-e9f4-4cc3-a16b-6913aa2375a5,T1.Q3.A4,Minor misrepresentation,,0,1,"{""case_numbers"": false, ""highlight"": false, ""version"": ""4"", ""require_highlight"": true}"
Covid2_Language_2020_09_20,38d017281682f4e1189219a84fea5b897a22a32e05226b87e638d02d150b509f,5cccf209-8590-405d-bb91-216e07f2b031,Language Specialist V4,"{""highlight"": true, ""version"": ""4"", ""hint_type"": """"}",15f25375-bdca-4300-9877-1cc4743fed90,T1.Q3,How much does the exaggeration misrepresent reality?,RADIO,,,ordinal,"{""version"": ""4"", ""alpha_distance"": ""ordinal"", ""require_one_or_more"": true, ""hint_type"": """"}",5,33352518-e122-4620-97c2-30fdebfb9319,T1.Q3.A5,The exaggeration could not possibly mislead anyone,,0,1,"{""case_numbers"": false, ""highlight"": false, ""version"": ""4"", ""require_highlight"": true}"
Covid2_Language_2020_09_20,38d017281682f4e1189219a84fea5b897a22a32e05226b87e638d02d150b509f,5cccf209-8590-405d-bb91-216e07f2b031,Language Specialist V4,"{""highlight"": true, ""version"": ""4"", ""hint_type"": """"}",5630e9df-b163-4637-a595-cbf9efe9e562,T1.Q4,To what degree is the scandalous content being used to distract from other important and relevant issues?,RADIO,,,ordinal,"{""version"": ""4"", ""alpha_distance"": ""ordinal"", ""require_one_or_more"": true, ""hint_type"": """"}",5,0483383b-5ad7-4403-b4d2-54fc5eb70259,T1.Q4.A1,Totally,,0,1,"{""case_numbers"": false, ""highlight"": false, ""version"": ""4"", ""require_highlight"": true}"
Covid2_Language_2020_09_20,38d017281682f4e1189219a84fea5b897a22a32e05226b87e638d02d150b509f,5cccf209-8590-405d-bb91-216e07f2b031,Language Specialist V4,"{""highlight"": true, ""version"": ""4"", ""hint_type"": """"}",5630e9df-b163-4637-a595-cbf9efe9e562,T1.Q4,To what degree is the scandalous content being used to distract from other important and relevant issues?,RADIO,,,ordinal,"{""version"": ""4"", ""alpha_distance"": ""ordinal"", ""require_one_or_more"": true, ""hint_type"": """"}",5,ea88a85a-ed88-45eb-95df-407352d92efa,T1.Q4.A2,Very much,,0,1,"{""case_numbers"": false, ""highlight"": false, ""version"": ""4"", ""require_highlight"": true}"
Covid2_Language_2020_09_20,38d017281682f4e1189219a84fea5b897a22a32e05226b87e638d02d150b509f,5cccf209-8590-405d-bb91-216e07f2b031,Language Specialist V4,"{""highlight"": true, ""version"": ""4"", ""hint_type"": """"}",5630e9df-b163-4637-a595-cbf9efe9e562,T1.Q4,To what degree is the scandalous content being used to distract from other important and relevant issues?,RADIO,,,ordinal,"{""version"": ""4"", ""alpha_distance"": ""ordinal"", ""require_one_or_more"": true, ""hint_type"": """"}",5,f8c19e01-51e1-4d6c-a339-63e9015a727c,T1.Q4.A3,Moderately,,0,1,"{""case_numbers"": false, ""highlight"": false, ""version"": ""4"", ""require_highlight"": true}"
Covid2_Language_2020_09_20,38d017281682f4e1189219a84fea5b897a22a32e05226b87e638d02d150b509f,5cccf209-8590-405d-bb91-216e07f2b031,Language Specialist V4,"{""highlight"": true, ""version"": ""4"", ""hint_type"": """"}",5630e9df-b163-4637-a595-cbf9efe9e562,T1.Q4,To what degree is the scandalous content being used to distract from other important and relevant issues?,RADIO,,,ordinal,"{""version"": ""4"", ""alpha_distance"": ""ordinal"", ""require_one_or_more"": true, ""hint_type"": """"}",5,5100d609-3f4b-48dc-aa31-b2e62790eb7c,T1.Q4.A4,Somewhat,,0,1,"{""case_numbers"": false, ""highlight"": false, ""version"": ""4"", ""require_highlight"": true}"
Covid2_Language_2020_09_20,38d017281682f4e1189219a84fea5b897a22a32e05226b87e638d02d150b509f,5cccf209-8590-405d-bb91-216e07f2b031,Language Specialist V4,"{""highlight"": true, ""version"": ""4"", ""hint_type"": """"}",5630e9df-b163-4637-a595-cbf9efe9e562,T1.Q4,To what degree is the scandalous content being used to distract from other important and relevant issues?,RADIO,,,ordinal,"{""version"": ""4"", ""alpha_distance"": ""ordinal"", ""require_one_or_more"": true, ""hint_type"": """"}",5,20beb422-da44-46e3-b44d-af395ca29c65,T1.Q4.A5,Slightly or not at all,,0,1,"{""case_numbers"": false, ""highlight"": false, ""version"": ""4"", ""require_highlight"": true}"
Covid2_Language_2020_09_20,38d017281682f4e1189219a84fea5b897a22a32e05226b87e638d02d150b509f,5cccf209-8590-405d-bb91-216e07f2b031,Language Specialist V4,"{""highlight"": true, ""version"": ""4"", ""hint_type"": """"}",d1209130-0233-4d86-b70e-eff4705bb3aa,T1.Q5,How strong is the emotional tone?,RADIO,,,ordinal,"{""version"": ""4"", ""alpha_distance"": ""ordinal"", ""require_one_or_more"": true, ""hint_type"": """"}",5,1d23cf36-0046-43f4-8ba8-5e8bf0c68488,T1.Q5.A1,Very strong,,0,1,"{""case_numbers"": false, ""highlight"": false, ""version"": ""4"", ""require_highlight"": true}"
Covid2_Language_2020_09_20,38d017281682f4e1189219a84fea5b897a22a32e05226b87e638d02d150b509f,5cccf209-8590-405d-bb91-216e07f2b031,Language Specialist V4,"{""highlight"": true, ""version"": ""4"", ""hint_type"": """"}",d1209130-0233-4d86-b70e-eff4705bb3aa,T1.Q5,How strong is the emotional tone?,RADIO,,,ordinal,"{""version"": ""4"", ""alpha_distance"": ""ordinal"", ""require_one_or_more"": true, ""hint_type"": """"}",5,94e9bebe-3d10-43e5-942f-699e8f7ef86e,T1.Q5.A2,Somewhat strong,,0,1,"{""case_numbers"": false, ""highlight"": false, ""version"": ""4"", ""require_highlight"": true}"
Covid2_Language_2020_09_20,38d017281682f4e1189219a84fea5b897a22a32e05226b87e638d02d150b509f,5cccf209-8590-405d-bb91-216e07f2b031,Language Specialist V4,"{""highlight"": true, ""version"": ""4"", ""hint_type"": """"}",d1209130-0233-4d86-b70e-eff4705bb3aa,T1.Q5,How strong is the emotional tone?,RADIO,,,ordinal,"{""version"": ""4"", ""alpha_distance"": ""ordinal"", ""require_one_or_more"": true, ""hint_type"": """"}",5,59eca4ef-020b-429a-badc-4fa534750ca5,T1.Q5.A3,Moderate,,0,1,"{""case_numbers"": false, ""highlight"": false, ""version"": ""4"", ""require_highlight"": true}"
Covid2_Language_2020_09_20,38d017281682f4e1189219a84fea5b897a22a32e05226b87e638d02d150b509f,5cccf209-8590-405d-bb91-216e07f2b031,Language Specialist V4,"{""highlight"": true, ""version"": ""4"", ""hint_type"": """"}",d1209130-0233-4d86-b70e-eff4705bb3aa,T1.Q5,How strong is the emotional tone?,RADIO,,,ordinal,"{""version"": ""4"", ""alpha_distance"": ""ordinal"", ""require_one_or_more"": true, ""hint_type"": """"}",5,e47fc810-47d2-4c55-9208-e870215bcee3,T1.Q5.A4,Mild,,0,1,"{""case_numbers"": false, ""highlight"": false, ""version"": ""4"", ""require_highlight"": true}"
Covid2_Language_2020_09_20,38d017281682f4e1189219a84fea5b897a22a32e05226b87e638d02d150b509f,5cccf209-8590-405d-bb91-216e07f2b031,Language Specialist V4,"{""highlight"": true, ""version"": ""4"", ""hint_type"": """"}",d1209130-0233-4d86-b70e-eff4705bb3aa,T1.Q5,How strong is the emotional tone?,RADIO,,,ordinal,"{""version"": ""4"", ""alpha_distance"": ""ordinal"", ""require_one_or_more"": true, ""hint_type"": """"}",5,95f6d807-fdf4-451d-8fe0-3931144f7fe6,T1.Q5.A5,Very mild,,0,1,"{""case_numbers"": false, ""highlight"": false, ""version"": ""4"", ""require_highlight"": true}"
Covid2_Language_2020_09_20,38d017281682f4e1189219a84fea5b897a22a32e05226b87e638d02d150b509f,5cccf209-8590-405d-bb91-216e07f2b031,Language Specialist V4,"{""highlight"": true, ""version"": ""4"", ""hint_type"": """"}",a6f8edd0-6f71-4f0b-bc16-48ecfa9a9a88,T1.Q6,Which of the following emotions does the passage express? Check all that apply.,CHECKBOX,,,nominal,"{""version"": ""4"", ""alpha_distance"": ""nominal"", ""require_one_or_more"": true, ""hint_type"": """"}",8,a3b26b55-4850-49fe-a67c-86b3646217b6,T1.Q6.A1,Disgust,,1,1,"{""case_numbers"": false, ""highlight"": true, ""version"": ""4"", ""require_highlight"": true}"
Covid2_Language_2020_09_20,38d017281682f4e1189219a84fea5b897a22a32e05226b87e638d02d150b509f,5cccf209-8590-405d-bb91-216e07f2b031,Language Specialist V4,"{""highlight"": true, ""version"": ""4"", ""hint_type"": """"}",a6f8edd0-6f71-4f0b-bc16-48ecfa9a9a88,T1.Q6,Which of the following emotions does the passage express? Check all that apply.,CHECKBOX,,,nominal,"{""version"": ""4"", ""alpha_distance"": ""nominal"", ""require_one_or_more"": true, ""hint_type"": """"}",8,19ce1288-fd64-44fe-8c03-11cd54c7af47,T1.Q6.A2,Contempt,,1,1,"{""case_numbers"": false, ""highlight"": true, ""version"": ""4"", ""require_highlight"": true}"
Covid2_Language_2020_09_20,38d017281682f4e1189219a84fea5b897a22a32e05226b87e638d02d150b509f,5cccf209-8590-405d-bb91-216e07f2b031,Language Specialist V4,"{""highlight"": true, ""version"": ""4"", ""hint_type"": """"}",a6f8edd0-6f71-4f0b-bc16-48ecfa9a9a88,T1.Q6,Which of the following emotions does the passage express? Check all that apply.,CHECKBOX,,,nominal,"{""version"": ""4"", ""alpha_distance"": ""nominal"", ""require_one_or_more"": true, ""hint_type"": """"}",8,ff0be66b-2e7b-410b-8186-26aa829631c2,T1.Q6.A3,"Outrage, indignation",,1,1,"{""case_numbers"": false, ""highlight"": true, ""version"": ""4"", ""require_highlight"": true}"
Covid2_Language_2020_09_20,38d017281682f4e1189219a84fea5b897a22a32e05226b87e638d02d150b509f,5cccf209-8590-405d-bb91-216e07f2b031,Language Specialist V4,"{""highlight"": true, ""version"": ""4"", ""hint_type"": """"}",a6f8edd0-6f71-4f0b-bc16-48ecfa9a9a88,T1.Q6,Which of the following emotions does the passage express? Check all that apply.,CHECKBOX,,,nominal,"{""version"": ""4"", ""alpha_distance"": ""nominal"", ""require_one_or_more"": true, ""hint_type"": """"}",8,8d79727b-e7fe-4e00-af7f-2a325819a710,T1.Q6.A4,"Fear, threat",,1,1,"{""case_numbers"": false, ""highlight"": true, ""version"": ""4"", ""require_highlight"": true}"
Covid2_Language_2020_09_20,38d017281682f4e1189219a84fea5b897a22a32e05226b87e638d02d150b509f,5cccf209-8590-405d-bb91-216e07f2b031,Language Specialist V4,"{""highlight"": true, ""version"": ""4"", ""hint_type"": """"}",a6f8edd0-6f71-4f0b-bc16-48ecfa9a9a88,T1.Q6,Which of the following emotions does the passage express? Check all that apply.,CHECKBOX,,,nominal,"{""version"": ""4"", ""alpha_distance"": ""nominal"", ""require_one_or_more"": true, ""hint_type"": """"}",8,71afb961-2665-4e1c-9694-5c4bcc1b1ea1,T1.Q6.A5,"Vindictiveness, spite",,1,1,"{""case_numbers"": false, ""highlight"": true, ""version"": ""4"", ""require_highlight"": true}"
Covid2_Language_2020_09_20,38d017281682f4e1189219a84fea5b897a22a32e05226b87e638d02d150b509f,5cccf209-8590-405d-bb91-216e07f2b031,Language Specialist V4,"{""highlight"": true, ""version"": ""4"", ""hint_type"": """"}",a6f8edd0-6f71-4f0b-bc16-48ecfa9a9a88,T1.Q6,Which of the following emotions does the passage express? Check all that apply.,CHECKBOX,,,nominal,"{""version"": ""4"", ""alpha_distance"": ""nominal"", ""require_one_or_more"": true, ""hint_type"": """"}",8,1832fdc7-aaea-4a6b-a4e0-fdd1f984831f,T1.Q6.A6,Sadness,,1,1,"{""case_numbers"": false, ""highlight"": true, ""version"": ""4"", ""require_highlight"": true}"
Covid2_Language_2020_09_20,38d017281682f4e1189219a84fea5b897a22a32e05226b87e638d02d150b509f,5cccf209-8590-405d-bb91-216e07f2b031,Language Specialist V4,"{""highlight"": true, ""version"": ""4"", ""hint_type"": """"}",a6f8edd0-6f71-4f0b-bc16-48ecfa9a9a88,T1.Q6,Which of the following emotions does the passage express? Check all that apply.,CHECKBOX,,,nominal,"{""version"": ""4"", ""alpha_distance"": ""nominal"", ""require_one_or_more"": true, ""hint_type"": """"}",8,3b6f172e-8420-4bf9-b3b7-5968bfc18593,T1.Q6.A7,"Enthusiasm, joy",,1,1,"{""case_numbers"": false, ""highlight"": true, ""version"": ""4"", ""require_highlight"": true}"
Covid2_Language_2020_09_20,38d017281682f4e1189219a84fea5b897a22a32e05226b87e638d02d150b509f,5cccf209-8590-405d-bb91-216e07f2b031,Language Specialist V4,"{""highlight"": true, ""version"": ""4"", ""hint_type"": """"}",a6f8edd0-6f71-4f0b-bc16-48ecfa9a9a88,T1.Q6,Which of the following emotions does the passage express? Check all that apply.,CHECKBOX,,,nominal,"{""version"": ""4"", ""alpha_distance"": ""nominal"", ""require_one_or_more"": true, ""hint_type"": """"}",8,ef1b4734-caef-41da-8051-6fc1b52e1a63,T1.Q6.A8,Other,T1.Q7,1,1,"{""case_numbers"": false, ""highlight"": true, ""version"": ""4"", ""require_highlight"": true}"
Covid2_Language_2020_09_20,38d017281682f4e1189219a84fea5b897a22a32e05226b87e638d02d150b509f,5cccf209-8590-405d-bb91-216e07f2b031,Language Specialist V4,"{""highlight"": true, ""version"": ""4"", ""hint_type"": """"}",b940ecbe-e542-4c17-8d18-df18092e4fb1,T1.Q7,What other emotion does the passage express?,TEXT,,,nominal,"{""version"": ""4"", ""alpha_distance"": ""nominal"", ""require_one_or_more"": true, ""hint_type"": """"}",1,a1f3aaa3-cd06-4122-b7b0-cdf2161867d0,T1.Q7.A1,placeholder answer for TEXT,,0,1,"{""case_numbers"": false, ""highlight"": false, ""version"": ""4"", ""require_highlight"": true}"
Covid2_Language_2020_09_20,38d017281682f4e1189219a84fea5b897a22a32e05226b87e638d02d150b509f,5cccf209-8590-405d-bb91-216e07f2b031,Language Specialist V4,"{""highlight"": true, ""version"": ""4"", ""hint_type"": """"}",95d115b3-439c-4abe-98b0-4221fc6a7052,T1.Q8,Consider the thing represented as shocking/surprising. Do they mention any similar or comparison cases to give context for whether this is genuinely surprising?,RADIO,,,nominal,"{""version"": ""4"", ""alpha_distance"": ""nominal"", ""require_one_or_more"": true, ""hint_type"": """"}",4,d651c1f4-4a91-469b-a4a7-b359b2322c32,T1.Q8.A1,"Yes, clear comparison cases show this is genuinely shocking",,1,1,"{""case_numbers"": false, ""highlight"": true, ""version"": ""4"", ""require_highlight"": true}"
Covid2_Language_2020_09_20,38d017281682f4e1189219a84fea5b897a22a32e05226b87e638d02d150b509f,5cccf209-8590-405d-bb91-216e07f2b031,Language Specialist V4,"{""highlight"": true, ""version"": ""4"", ""hint_type"": """"}",95d115b3-439c-4abe-98b0-4221fc6a7052,T1.Q8,Consider the thing represented as shocking/surprising. Do they mention any similar or comparison cases to give context for whether this is genuinely surprising?,RADIO,,,nominal,"{""version"": ""4"", ""alpha_distance"": ""nominal"", ""require_one_or_more"": true, ""hint_type"": """"}",4,0b029073-4e22-4708-a6c8-319f037eb182,T1.Q8.A2,One clear comparison case suggesting this is shocking in comparison,,1,1,"{""case_numbers"": false, ""highlight"": true, ""version"": ""4"", ""require_highlight"": true}"
Covid2_Language_2020_09_20,38d017281682f4e1189219a84fea5b897a22a32e05226b87e638d02d150b509f,5cccf209-8590-405d-bb91-216e07f2b031,Language Specialist V4,"{""highlight"": true, ""version"": ""4"", ""hint_type"": """"}",95d115b3-439c-4abe-98b0-4221fc6a7052,T1.Q8,Consider the thing represented as shocking/surprising. Do they mention any similar or comparison cases to give context for whether this is genuinely surprising?,RADIO,,,nominal,"{""version"": ""4"", ""alpha_distance"": ""nominal"", ""require_one_or_more"": true, ""hint_type"": """"}",4,9422cb55-2a94-4cf6-9d80-5c8b28c530d5,T1.Q8.A3,A clear comparison given which is not very different,,1,1,"{""case_numbers"": false, ""highlight"": true, ""version"": ""4"", ""require_highlight"": true}"
Covid2_Language_2020_09_20,38d017281682f4e1189219a84fea5b897a22a32e05226b87e638d02d150b509f,5cccf209-8590-405d-bb91-216e07f2b031,Language Specialist V4,"{""highlight"": true, ""version"": ""4"", ""hint_type"": """"}",95d115b3-439c-4abe-98b0-4221fc6a7052,T1.Q8,Consider the thing represented as shocking/surprising. Do they mention any similar or comparison cases to give context for whether this is genuinely surprising?,RADIO,,,nominal,"{""version"": ""4"", ""alpha_distance"": ""nominal"", ""require_one_or_more"": true, ""hint_type"": """"}",4,fa387dcb-fecd-4130-9e88-2dec8376e571,T1.Q8.A4,No comparison or context cases given,,0,1,"{""case_numbers"": false, ""highlight"": false, ""version"": ""4"", ""require_highlight"": true}"
Covid2_Language_2020_09_20,38d017281682f4e1189219a84fea5b897a22a32e05226b87e638d02d150b509f,5cccf209-8590-405d-bb91-216e07f2b031,Language Specialist V4,"{""highlight"": true, ""version"": ""4"", ""hint_type"": """"}",c4407910-e3eb-4dd7-a197-f1a55f015178,T1.Q9,How appropriate is the slang?,RADIO,,,ordinal,"{""version"": ""4"", ""alpha_distance"": ""ordinal"", ""require_one_or_more"": true, ""hint_type"": """"}",5,8d80c2e3-4cb8-47a2-ac02-1078672692ae,T1.Q9.A1,Very inappropriate,,0,1,"{""case_numbers"": false, ""highlight"": false, ""version"": ""4"", ""require_highlight"": true}"
Covid2_Language_2020_09_20,38d017281682f4e1189219a84fea5b897a22a32e05226b87e638d02d150b509f,5cccf209-8590-405d-bb91-216e07f2b031,Language Specialist V4,"{""highlight"": true, ""version"": ""4"", ""hint_type"": """"}",c4407910-e3eb-4dd7-a197-f1a55f015178,T1.Q9,How appropriate is the slang?,RADIO,,,ordinal,"{""version"": ""4"", ""alpha_distance"": ""ordinal"", ""require_one_or_more"": true, ""hint_type"": """"}",5,46163133-d7f2-4179-b15f-314f66146fc7,T1.Q9.A2,Somewhat inappropriate,,0,1,"{""case_numbers"": false, ""highlight"": false, ""version"": ""4"", ""require_highlight"": true}"
Covid2_Language_2020_09_20,38d017281682f4e1189219a84fea5b897a22a32e05226b87e638d02d150b509f,5cccf209-8590-405d-bb91-216e07f2b031,Language Specialist V4,"{""highlight"": true, ""version"": ""4"", ""hint_type"": """"}",c4407910-e3eb-4dd7-a197-f1a55f015178,T1.Q9,How appropriate is the slang?,RADIO,,,ordinal,"{""version"": ""4"", ""alpha_distance"": ""ordinal"", ""require_one_or_more"": true, ""hint_type"": """"}",5,27eb6098-e3a2-408f-b248-ea39d5694133,T1.Q9.A3,Moderately inappropriate,,0,1,"{""case_numbers"": false, ""highlight"": false, ""version"": ""4"", ""require_highlight"": true}"
Covid2_Language_2020_09_20,38d017281682f4e1189219a84fea5b897a22a32e05226b87e638d02d150b509f,5cccf209-8590-405d-bb91-216e07f2b031,Language Specialist V4,"{""highlight"": true, ""version"": ""4"", ""hint_type"": """"}",c4407910-e3eb-4dd7-a197-f1a55f015178,T1.Q9,How appropriate is the slang?,RADIO,,,ordinal,"{""version"": ""4"", ""alpha_distance"": ""ordinal"", ""require_one_or_more"": true, ""hint_type"": """"}",5,77ae14a7-40b9-4b4e-95cf-743d55fc197b,T1.Q9.A4,Mildly inappropriate,,0,1,"{""case_numbers"": false, ""highlight"": false, ""version"": ""4"", ""require_highlight"": true}"
Covid2_Language_2020_09_20,38d017281682f4e1189219a84fea5b897a22a32e05226b87e638d02d150b509f,5cccf209-8590-405d-bb91-216e07f2b031,Language Specialist V4,"{""highlight"": true, ""version"": ""4"", ""hint_type"": """"}",c4407910-e3eb-4dd7-a197-f1a55f015178,T1.Q9,How appropriate is the slang?,RADIO,,,ordinal,"{""version"": ""4"", ""alpha_distance"": ""ordinal"", ""require_one_or_more"": true, ""hint_type"": """"}",5,4ce57550-03fc-4246-bc41-82af96c4ac40,T1.Q9.A5,Completely appropriate,,0,1,"{""case_numbers"": false, ""highlight"": false, ""version"": ""4"", ""require_highlight"": true}"
Covid2_Language_2020_09_20,38d017281682f4e1189219a84fea5b897a22a32e05226b87e638d02d150b509f,5cccf209-8590-405d-bb91-216e07f2b031,Language Specialist V4,"{""highlight"": true, ""version"": ""4"", ""hint_type"": """"}",709efd78-03a0-4b5c-a74a-e735bde43608,T1.Q10,Is the slang used to denigrate a group or perspective?,RADIO,,,ordinal,"{""version"": ""4"", ""alpha_distance"": ""ordinal"", ""require_one_or_more"": true, ""hint_type"": """"}",4,5a7a5aac-9fb1-4a74-a160-897ab05ae88c,T1.Q10.A1,"Yes, definitely",,0,1,"{""case_numbers"": false, ""highlight"": false, ""version"": ""4"", ""require_highlight"": true}"
Covid2_Language_2020_09_20,38d017281682f4e1189219a84fea5b897a22a32e05226b87e638d02d150b509f,5cccf209-8590-405d-bb91-216e07f2b031,Language Specialist V4,"{""highlight"": true, ""version"": ""4"", ""hint_type"": """"}",709efd78-03a0-4b5c-a74a-e735bde43608,T1.Q10,Is the slang used to denigrate a group or perspective?,RADIO,,,ordinal,"{""version"": ""4"", ""alpha_distance"": ""ordinal"", ""require_one_or_more"": true, ""hint_type"": """"}",4,e960d7cc-c4ae-4707-a263-1cfaf37c9ee8,T1.Q10.A2,"Yes, somewhat",,0,1,"{""case_numbers"": false, ""highlight"": false, ""version"": ""4"", ""require_highlight"": true}"
Covid2_Language_2020_09_20,38d017281682f4e1189219a84fea5b897a22a32e05226b87e638d02d150b509f,5cccf209-8590-405d-bb91-216e07f2b031,Language Specialist V4,"{""highlight"": true, ""version"": ""4"", ""hint_type"": """"}",709efd78-03a0-4b5c-a74a-e735bde43608,T1.Q10,Is the slang used to denigrate a group or perspective?,RADIO,,,ordinal,"{""version"": ""4"", ""alpha_distance"": ""ordinal"", ""require_one_or_more"": true, ""hint_type"": """"}",4,1b45bc14-7690-4b38-84a2-f9d619afe756,T1.Q10.A3,Maybe,,0,1,"{""case_numbers"": false, ""highlight"": false, ""version"": ""4"", ""require_highlight"": true}"
Covid2_Language_2020_09_20,38d017281682f4e1189219a84fea5b897a22a32e05226b87e638d02d150b509f,5cccf209-8590-405d-bb91-216e07f2b031,Language Specialist V4,"{""highlight"": true, ""version"": ""4"", ""hint_type"": """"}",709efd78-03a0-4b5c-a74a-e735bde43608,T1.Q10,Is the slang used to denigrate a group or perspective?,RADIO,,,ordinal,"{""version"": ""4"", ""alpha_distance"": ""ordinal"", ""require_one_or_more"": true, ""hint_type"": """"}",4,2bc903ff-4779-4147-a810-d3fc4dff88b3,T1.Q10.A4,No,,0,1,"{""case_numbers"": false, ""highlight"": false, ""version"": ""4"", ""require_highlight"": true}"
Covid2_Language_2020_09_20,38d017281682f4e1189219a84fea5b897a22a32e05226b87e638d02d150b509f,5cccf209-8590-405d-bb91-216e07f2b031,Language Specialist V4,"{""highlight"": true, ""version"": ""4"", ""hint_type"": """"}",18f704fe-ca90-4093-a368-c0c4c7d0f45b,T1.Q11,Do the errors in the writing make understanding the text more difficult?,RADIO,,,ordinal,"{""version"": ""4"", ""alpha_distance"": ""ordinal"", ""require_one_or_more"": true, ""hint_type"": """"}",5,4b9fb3a9-26f9-448f-87fc-f5950d797bf9,T1.Q11.A1,Extremely,,0,1,"{""case_numbers"": false, ""highlight"": false, ""version"": ""4"", ""require_highlight"": true}"
Covid2_Language_2020_09_20,38d017281682f4e1189219a84fea5b897a22a32e05226b87e638d02d150b509f,5cccf209-8590-405d-bb91-216e07f2b031,Language Specialist V4,"{""highlight"": true, ""version"": ""4"", ""hint_type"": """"}",18f704fe-ca90-4093-a368-c0c4c7d0f45b,T1.Q11,Do the errors in the writing make understanding the text more difficult?,RADIO,,,ordinal,"{""version"": ""4"", ""alpha_distance"": ""ordinal"", ""require_one_or_more"": true, ""hint_type"": """"}",5,9f994f77-c7c9-4534-b8be-2f739380d5f4,T1.Q11.A2,Considerably,,0,1,"{""case_numbers"": false, ""highlight"": false, ""version"": ""4"", ""require_highlight"": true}"
Covid2_Language_2020_09_20,38d017281682f4e1189219a84fea5b897a22a32e05226b87e638d02d150b509f,5cccf209-8590-405d-bb91-216e07f2b031,Language Specialist V4,"{""highlight"": true, ""version"": ""4"", ""hint_type"": """"}",18f704fe-ca90-4093-a368-c0c4c7d0f45b,T1.Q11,Do the errors in the writing make understanding the text more difficult?,RADIO,,,ordinal,"{""version"": ""4"", ""alpha_distance"": ""ordinal"", ""require_one_or_more"": true, ""hint_type"": """"}",5,bd088d3b-dd89-4b73-a5b2-372391ce6bee,T1.Q11.A3,Somewhat,,0,1,"{""case_numbers"": false, ""highlight"": false, ""version"": ""4"", ""require_highlight"": true}"
Covid2_Language_2020_09_20,38d017281682f4e1189219a84fea5b897a22a32e05226b87e638d02d150b509f,5cccf209-8590-405d-bb91-216e07f2b031,Language Specialist V4,"{""highlight"": true, ""version"": ""4"", ""hint_type"": """"}",18f704fe-ca90-4093-a368-c0c4c7d0f45b,T1.Q11,Do the errors in the writing make understanding the text more difficult?,RADIO,,,ordinal,"{""version"": ""4"", ""alpha_distance"": ""ordinal"", ""require_one_or_more"": true, ""hint_type"": """"}",5,215f877a-5697-4dc2-aa24-ce287a9d3ab5,T1.Q11.A4,Mildly,,0,1,"{""case_numbers"": false, ""highlight"": false, ""version"": ""4"", ""require_highlight"": true}"
Covid2_Language_2020_09_20,38d017281682f4e1189219a84fea5b897a22a32e05226b87e638d02d150b509f,5cccf209-8590-405d-bb91-216e07f2b031,Language Specialist V4,"{""highlight"": true, ""version"": ""4"", ""hint_type"": """"}",18f704fe-ca90-4093-a368-c0c4c7d0f45b,T1.Q11,Do the errors in the writing make understanding the text more difficult?,RADIO,,,ordinal,"{""version"": ""4"", ""alpha_distance"": ""ordinal"", ""require_one_or_more"": true, ""hint_type"": """"}",5,9c55a10f-659e-4c5d-bae5-d170c74aca9d,T1.Q11.A5,Not at all,,0,1,"{""case_numbers"": false, ""highlight"": false, ""version"": ""4"", ""require_highlight"": true}"
Covid2_Language_2020_09_20,38d017281682f4e1189219a84fea5b897a22a32e05226b87e638d02d150b509f,5cccf209-8590-405d-bb91-216e07f2b031,Language Specialist V4,"{""highlight"": true, ""version"": ""4"", ""hint_type"": """"}",b0a2c120-2f4d-452d-83c6-f4bafd1274d1,T1.Q12,"Does the passage contain a particularly neutral, circumspect, or measured account of a frequently heated issue? If so, please offer them kudos.",RADIO,,,ordinal,"{""version"": ""4"", ""alpha_distance"": ""ordinal"", ""require_one_or_more"": true, ""hint_type"": """"}",4,143887fe-9db7-40fa-a2e7-f41327d0cc90,T1.Q12.A1,Nope,,0,1,"{""case_numbers"": false, ""highlight"": false, ""version"": ""4"", ""require_highlight"": true}"
Covid2_Language_2020_09_20,38d017281682f4e1189219a84fea5b897a22a32e05226b87e638d02d150b509f,5cccf209-8590-405d-bb91-216e07f2b031,Language Specialist V4,"{""highlight"": true, ""version"": ""4"", ""hint_type"": """"}",b0a2c120-2f4d-452d-83c6-f4bafd1274d1,T1.Q12,"Does the passage contain a particularly neutral, circumspect, or measured account of a frequently heated issue? If so, please offer them kudos.",RADIO,,,ordinal,"{""version"": ""4"", ""alpha_distance"": ""ordinal"", ""require_one_or_more"": true, ""hint_type"": """"}",4,ebeec6ca-bb19-48fc-8a41-23dc07fbe069,T1.Q12.A2,Good job!,,1,1,"{""case_numbers"": false, ""highlight"": true, ""version"": ""4"", ""require_highlight"": true}"
Covid2_Language_2020_09_20,38d017281682f4e1189219a84fea5b897a22a32e05226b87e638d02d150b509f,5cccf209-8590-405d-bb91-216e07f2b031,Language Specialist V4,"{""highlight"": true, ""version"": ""4"", ""hint_type"": """"}",b0a2c120-2f4d-452d-83c6-f4bafd1274d1,T1.Q12,"Does the passage contain a particularly neutral, circumspect, or measured account of a frequently heated issue? If so, please offer them kudos.",RADIO,,,ordinal,"{""version"": ""4"", ""alpha_distance"": ""ordinal"", ""require_one_or_more"": true, ""hint_type"": """"}",4,4576564a-f9ab-406e-9dcd-833127aa5493,T1.Q12.A3,Great job!,,1,1,"{""case_numbers"": false, ""highlight"": true, ""version"": ""4"", ""require_highlight"": true}"
Covid2_Language_2020_09_20,38d017281682f4e1189219a84fea5b897a22a32e05226b87e638d02d150b509f,5cccf209-8590-405d-bb91-216e07f2b031,Language Specialist V4,"{""highlight"": true, ""version"": ""4"", ""hint_type"": """"}",b0a2c120-2f4d-452d-83c6-f4bafd1274d1,T1.Q12,"Does the passage contain a particularly neutral, circumspect, or measured account of a frequently heated issue? If so, please offer them kudos.",RADIO,,,ordinal,"{""version"": ""4"", ""alpha_distance"": ""ordinal"", ""require_one_or_more"": true, ""hint_type"": """"}",4,7be9c951-1810-46c7-9dde-498f1bfd27c2,T1.Q12.A4,Excellent job! (artfully and fairly presenting a very difficult subject),,1,1,"{""case_numbers"": false, ""highlight"": true, ""version"": ""4"", ""require_highlight"": true}"
Covid2_Language_2020_09_20,38d017281682f4e1189219a84fea5b897a22a32e05226b87e638d02d150b509f,5cccf209-8590-405d-bb91-216e07f2b031,Language Specialist V4,"{""highlight"": true, ""version"": ""4"", ""hint_type"": """"}",7dfa12a0-c336-4a70-baca-ba2c76fb74ba,T1.Q13,How misleading or otherwise problematic is the colorful language?,RADIO,,,ordinal,"{""version"": ""4"", ""alpha_distance"": ""ordinal"", ""require_one_or_more"": true, ""hint_type"": """"}",5,582b7a68-a2b0-4074-aa9f-c2003929c47b,T1.Q13.A1,Very,,0,1,"{""case_numbers"": false, ""highlight"": false, ""version"": ""4"", ""require_highlight"": true}"
Covid2_Language_2020_09_20,38d017281682f4e1189219a84fea5b897a22a32e05226b87e638d02d150b509f,5cccf209-8590-405d-bb91-216e07f2b031,Language Specialist V4,"{""highlight"": true, ""version"": ""4"", ""hint_type"": """"}",7dfa12a0-c336-4a70-baca-ba2c76fb74ba,T1.Q13,How misleading or otherwise problematic is the colorful language?,RADIO,,,ordinal,"{""version"": ""4"", ""alpha_distance"": ""ordinal"", ""require_one_or_more"": true, ""hint_type"": """"}",5,32cf264d-8a4f-4a58-8b4c-0f8ad1baab23,T1.Q13.A2,Somewhat,,0,1,"{""case_numbers"": false, ""highlight"": false, ""version"": ""4"", ""require_highlight"": true}"
Covid2_Language_2020_09_20,38d017281682f4e1189219a84fea5b897a22a32e05226b87e638d02d150b509f,5cccf209-8590-405d-bb91-216e07f2b031,Language Specialist V4,"{""highlight"": true, ""version"": ""4"", ""hint_type"": """"}",7dfa12a0-c336-4a70-baca-ba2c76fb74ba,T1.Q13,How misleading or otherwise problematic is the colorful language?,RADIO,,,ordinal,"{""version"": ""4"", ""alpha_distance"": ""ordinal"", ""require_one_or_more"": true, ""hint_type"": """"}",5,1e00b56f-ef4e-4ec7-b959-e71c2f442628,T1.Q13.A3,Mildly,,0,1,"{""case_numbers"": false, ""highlight"": false, ""version"": ""4"", ""require_highlight"": true}"
Covid2_Language_2020_09_20,38d017281682f4e1189219a84fea5b897a22a32e05226b87e638d02d150b509f,5cccf209-8590-405d-bb91-216e07f2b031,Language Specialist V4,"{""highlight"": true, ""version"": ""4"", ""hint_type"": """"}",7dfa12a0-c336-4a70-baca-ba2c76fb74ba,T1.Q13,How misleading or otherwise problematic is the colorful language?,RADIO,,,ordinal,"{""version"": ""4"", ""alpha_distance"": ""ordinal"", ""require_one_or_more"": true, ""hint_type"": """"}",5,c665a361-2b02-473e-9581-d5fff4ab2b87,T1.Q13.A4,Very Mildly,,0,1,"{""case_numbers"": false, ""highlight"": false, ""version"": ""4"", ""require_highlight"": true}"
Covid2_Language_2020_09_20,38d017281682f4e1189219a84fea5b897a22a32e05226b87e638d02d150b509f,5cccf209-8590-405d-bb91-216e07f2b031,Language Specialist V4,"{""highlight"": true, ""version"": ""4"", ""hint_type"": """"}",7dfa12a0-c336-4a70-baca-ba2c76fb74ba,T1.Q13,How misleading or otherwise problematic is the colorful language?,RADIO,,,ordinal,"{""version"": ""4"", ""alpha_distance"": ""ordinal"", ""require_one_or_more"": true, ""hint_type"": """"}",5,962b1d54-26ea-4f92-b7bf-dd01fb1c44dc,T1.Q13.A5,Not at all,,0,1,"{""case_numbers"": false, ""highlight"": false, ""version"": ""4"", ""require_highlight"": true}"
Covid2_Language_2020_09_20,38d017281682f4e1189219a84fea5b897a22a32e05226b87e638d02d150b509f,5cccf209-8590-405d-bb91-216e07f2b031,Language Specialist V4,"{""highlight"": true, ""version"": ""4"", ""hint_type"": """"}",fe3b920b-b0e2-4e2e-a66e-2e402c3feaf8,T1.Q14,"How difficult was this task for you, on the whole?",RADIO,,,ordinal,"{""version"": ""4"", ""alpha_distance"": ""ordinal"", ""require_one_or_more"": true, ""hint_type"": """"}",7,9ebc7708-4f07-4709-9dd8-933373db11f9,T1.Q14.A1,1: Easiest thing I've ever done in a learning situation,,0,1,"{""case_numbers"": false, ""highlight"": false, ""version"": ""4"", ""require_highlight"": true}"
Covid2_Language_2020_09_20,38d017281682f4e1189219a84fea5b897a22a32e05226b87e638d02d150b509f,5cccf209-8590-405d-bb91-216e07f2b031,Language Specialist V4,"{""highlight"": true, ""version"": ""4"", ""hint_type"": """"}",fe3b920b-b0e2-4e2e-a66e-2e402c3feaf8,T1.Q14,"How difficult was this task for you, on the whole?",RADIO,,,ordinal,"{""version"": ""4"", ""alpha_distance"": ""ordinal"", ""require_one_or_more"": true, ""hint_type"": """"}",7,d1a505b0-1c78-4318-a85a-e899344066ff,T1.Q14.A2,2,,0,1,"{""case_numbers"": false, ""highlight"": false, ""version"": ""4"", ""require_highlight"": true}"
Covid2_Language_2020_09_20,38d017281682f4e1189219a84fea5b897a22a32e05226b87e638d02d150b509f,5cccf209-8590-405d-bb91-216e07f2b031,Language Specialist V4,"{""highlight"": true, ""version"": ""4"", ""hint_type"": """"}",fe3b920b-b0e2-4e2e-a66e-2e402c3feaf8,T1.Q14,"How difficult was this task for you, on the whole?",RADIO,,,ordinal,"{""version"": ""4"", ""alpha_distance"": ""ordinal"", ""require_one_or_more"": true, ""hint_type"": """"}",7,47537a7f-ea33-46ac-94ad-d3fd4385a00d,T1.Q14.A3,3,,0,1,"{""case_numbers"": false, ""highlight"": false, ""version"": ""4"", ""require_highlight"": true}"
Covid2_Language_2020_09_20,38d017281682f4e1189219a84fea5b897a22a32e05226b87e638d02d150b509f,5cccf209-8590-405d-bb91-216e07f2b031,Language Specialist V4,"{""highlight"": true, ""version"": ""4"", ""hint_type"": """"}",fe3b920b-b0e2-4e2e-a66e-2e402c3feaf8,T1.Q14,"How difficult was this task for you, on the whole?",RADIO,,,ordinal,"{""version"": ""4"", ""alpha_distance"": ""ordinal"", ""require_one_or_more"": true, ""hint_type"": """"}",7,bedc6a4e-5d12-4510-8124-d867308b1360,T1.Q14.A4,4: Neither easy nor difficult,,0,1,"{""case_numbers"": false, ""highlight"": false, ""version"": ""4"", ""require_highlight"": true}"
Covid2_Language_2020_09_20,38d017281682f4e1189219a84fea5b897a22a32e05226b87e638d02d150b509f,5cccf209-8590-405d-bb91-216e07f2b031,Language Specialist V4,"{""highlight"": true, ""version"": ""4"", ""hint_type"": """"}",fe3b920b-b0e2-4e2e-a66e-2e402c3feaf8,T1.Q14,"How difficult was this task for you, on the whole?",RADIO,,,ordinal,"{""version"": ""4"", ""alpha_distance"": ""ordinal"", ""require_one_or_more"": true, ""hint_type"": """"}",7,a70ce9c1-97d9-48b9-b723-2e65f82e5a25,T1.Q14.A5,5,,0,1,"{""case_numbers"": false, ""highlight"": false, ""version"": ""4"", ""require_highlight"": true}"
Covid2_Language_2020_09_20,38d017281682f4e1189219a84fea5b897a22a32e05226b87e638d02d150b509f,5cccf209-8590-405d-bb91-216e07f2b031,Language Specialist V4,"{""highlight"": true, ""version"": ""4"", ""hint_type"": """"}",fe3b920b-b0e2-4e2e-a66e-2e402c3feaf8,T1.Q14,"How difficult was this task for you, on the whole?",RADIO,,,ordinal,"{""version"": ""4"", ""alpha_distance"": ""ordinal"", ""require_one_or_more"": true, ""hint_type"": """"}",7,1cfe9f7a-4e5c-427f-84ba-d1e76e2742a4,T1.Q14.A6,6,,0,1,"{""case_numbers"": false, ""highlight"": false, ""version"": ""4"", ""require_highlight"": true}"
Covid2_Language_2020_09_20,38d017281682f4e1189219a84fea5b897a22a32e05226b87e638d02d150b509f,5cccf209-8590-405d-bb91-216e07f2b031,Language Specialist V4,"{""highlight"": true, ""version"": ""4"", ""hint_type"": """"}",fe3b920b-b0e2-4e2e-a66e-2e402c3feaf8,T1.Q14,"How difficult was this task for you, on the whole?",RADIO,,,ordinal,"{""version"": ""4"", ""alpha_distance"": ""ordinal"", ""require_one_or_more"": true, ""hint_type"": """"}",7,6b2ff7a8-43f6-4952-b8a1-165d5d1a8c66,T1.Q14.A7,7 Hardest thing I've ever done in a learning situation,,0,1,"{""case_numbers"": false, ""highlight"": false, ""version"": ""4"", ""require_highlight"": true}"
Covid2_Language_2020_09_20,38d017281682f4e1189219a84fea5b897a22a32e05226b87e638d02d150b509f,5cccf209-8590-405d-bb91-216e07f2b031,Language Specialist V4,"{""highlight"": true, ""version"": ""4"", ""hint_type"": """"}",7f475e7d-ae5b-488d-a260-49b2e2e05167,T1.Q15,"How confident are you about your answers, on the whole?",RADIO,,,ordinal,"{""version"": ""4"", ""alpha_distance"": ""ordinal"", ""require_one_or_more"": true, ""hint_type"": """"}",7,4a4a25a3-f168-486b-bbf0-bd8f02519550,T1.Q15.A1,1: I was guessing randomly for everything,,0,1,"{""case_numbers"": false, ""highlight"": false, ""version"": ""4"", ""require_highlight"": true}"
Covid2_Language_2020_09_20,38d017281682f4e1189219a84fea5b897a22a32e05226b87e638d02d150b509f,5cccf209-8590-405d-bb91-216e07f2b031,Language Specialist V4,"{""highlight"": true, ""version"": ""4"", ""hint_type"": """"}",7f475e7d-ae5b-488d-a260-49b2e2e05167,T1.Q15,"How confident are you about your answers, on the whole?",RADIO,,,ordinal,"{""version"": ""4"", ""alpha_distance"": ""ordinal"", ""require_one_or_more"": true, ""hint_type"": """"}",7,75e4742b-fbfc-4853-882d-4adef52b03e6,T1.Q15.A2,2,,0,1,"{""case_numbers"": false, ""highlight"": false, ""version"": ""4"", ""require_highlight"": true}"
Covid2_Language_2020_09_20,38d017281682f4e1189219a84fea5b897a22a32e05226b87e638d02d150b509f,5cccf209-8590-405d-bb91-216e07f2b031,Language Specialist V4,"{""highlight"": true, ""version"": ""4"", ""hint_type"": """"}",7f475e7d-ae5b-488d-a260-49b2e2e05167,T1.Q15,"How confident are you about your answers, on the whole?",RADIO,,,ordinal,"{""version"": ""4"", ""alpha_distance"": ""ordinal"", ""require_one_or_more"": true, ""hint_type"": """"}",7,c55183bd-4021-416c-977c-debc34b26a3d,T1.Q15.A3,3,,0,1,"{""case_numbers"": false, ""highlight"": false, ""version"": ""4"", ""require_highlight"": true}"
Covid2_Language_2020_09_20,38d017281682f4e1189219a84fea5b897a22a32e05226b87e638d02d150b509f,5cccf209-8590-405d-bb91-216e07f2b031,Language Specialist V4,"{""highlight"": true, ""version"": ""4"", ""hint_type"": """"}",7f475e7d-ae5b-488d-a260-49b2e2e05167,T1.Q15,"How confident are you about your answers, on the whole?",RADIO,,,ordinal,"{""version"": ""4"", ""alpha_distance"": ""ordinal"", ""require_one_or_more"": true, ""hint_type"": """"}",7,5625265b-8884-4615-9ffd-c2f175d0c109,T1.Q15.A4,4: Somewhat confident,,0,1,"{""case_numbers"": false, ""highlight"": false, ""version"": ""4"", ""require_highlight"": true}"
Covid2_Language_2020_09_20,38d017281682f4e1189219a84fea5b897a22a32e05226b87e638d02d150b509f,5cccf209-8590-405d-bb91-216e07f2b031,Language Specialist V4,"{""highlight"": true, ""version"": ""4"", ""hint_type"": """"}",7f475e7d-ae5b-488d-a260-49b2e2e05167,T1.Q15,"How confident are you about your answers, on the whole?",RADIO,,,ordinal,"{""version"": ""4"", ""alpha_distance"": ""ordinal"", ""require_one_or_more"": true, ""hint_type"": """"}",7,c788f33a-6b81-48e4-aced-44782d73305d,T1.Q15.A5,5,,0,1,"{""case_numbers"": false, ""highlight"": false, ""version"": ""4"", ""require_highlight"": true}"
Covid2_Language_2020_09_20,38d017281682f4e1189219a84fea5b897a22a32e05226b87e638d02d150b509f,5cccf209-8590-405d-bb91-216e07f2b031,Language Specialist V4,"{""highlight"": true, ""version"": ""4"", ""hint_type"": """"}",7f475e7d-ae5b-488d-a260-49b2e2e05167,T1.Q15,"How confident are you about your answers, on the whole?",RADIO,,,ordinal,"{""version"": ""4"", ""alpha_distance"": ""ordinal"", ""require_one_or_more"": true, ""hint_type"": """"}",7,16a85cc3-8fe7-430c-bfb4-0421e06f1a65,T1.Q15.A6,6,,0,1,"{""case_numbers"": false, ""highlight"": false, ""version"": ""4"", ""require_highlight"": true}"
Covid2_Language_2020_09_20,38d017281682f4e1189219a84fea5b897a22a32e05226b87e638d02d150b509f,5cccf209-8590-405d-bb91-216e07f2b031,Language Specialist V4,"{""highlight"": true, ""version"": ""4"", ""hint_type"": """"}",7f475e7d-ae5b-488d-a260-49b2e2e05167,T1.Q15,"How confident are you about your answers, on the whole?",RADIO,,,ordinal,"{""version"": ""4"", ""alpha_distance"": ""ordinal"", ""require_one_or_more"": true, ""hint_type"": """"}",7,09550e41-5c92-476e-9edd-c91251aefbcb,T1.Q15.A7,7: 100% certain about all my answers,,0,1,"{""case_numbers"": false, ""highlight"": false, ""version"": ""4"", ""require_highlight"": true}"
Covid2_Language_2020_09_20,38d017281682f4e1189219a84fea5b897a22a32e05226b87e638d02d150b509f,5cccf209-8590-405d-bb91-216e07f2b031,Language Specialist V4,"{""highlight"": true, ""version"": ""4"", ""hint_type"": """"}",549b75f1-04e0-4388-a08e-eb658ef31a1f,T1.Q16,"Is there anything about the interface, instructions, or question wording that could be improved to make tasks like this easier?",TEXT,,,nominal,"{""version"": ""4"", ""alpha_distance"": ""nominal"", ""require_one_or_more"": true, ""hint_type"": """"}",1,0d1433e2-0825-4032-b2e8-5e9b69d70ce9,T1.Q16.A1,placeholder answer for TEXT,,0,1,"{""case_numbers"": false, ""highlight"": false, ""version"": ""4"", ""require_highlight"": true}"
